{
  "auc": 0.5664428919573398,
  "precision": 0.2077787636793848,
  "recall": 0.5059416636658264,
  "f1": 0.29458014466925253
}